query,start,end,day_count
from:IvanDuque,2017-05-20T00:00:00.000Z,2017-05-21T00:00:00.000Z,7
from:IvanDuque,2017-05-21T00:00:00.000Z,2017-05-22T00:00:00.000Z,1
from:IvanDuque,2017-05-22T00:00:00.000Z,2017-05-23T00:00:00.000Z,8
from:IvanDuque,2017-05-23T00:00:00.000Z,2017-05-24T00:00:00.000Z,14
from:IvanDuque,2017-05-24T00:00:00.000Z,2017-05-25T00:00:00.000Z,8
from:IvanDuque,2017-05-25T00:00:00.000Z,2017-05-26T00:00:00.000Z,16
from:IvanDuque,2017-05-26T00:00:00.000Z,2017-05-27T00:00:00.000Z,20
from:IvanDuque,2017-05-27T00:00:00.000Z,2017-05-28T00:00:00.000Z,5
from:IvanDuque,2017-05-28T00:00:00.000Z,2017-05-29T00:00:00.000Z,27
from:IvanDuque,2017-05-29T00:00:00.000Z,2017-05-30T00:00:00.000Z,6
from:IvanDuque,2017-05-30T00:00:00.000Z,2017-05-31T00:00:00.000Z,12
from:IvanDuque,2017-05-31T00:00:00.000Z,2017-06-01T00:00:00.000Z,16
from:IvanDuque,2017-06-01T00:00:00.000Z,2017-06-02T00:00:00.000Z,3
from:IvanDuque,2017-06-02T00:00:00.000Z,2017-06-03T00:00:00.000Z,19
from:petrogustavo,2017-05-20T00:00:00.000Z,2017-05-21T00:00:00.000Z,13
from:petrogustavo,2017-05-21T00:00:00.000Z,2017-05-22T00:00:00.000Z,9
from:petrogustavo,2017-05-22T00:00:00.000Z,2017-05-23T00:00:00.000Z,27
from:petrogustavo,2017-05-23T00:00:00.000Z,2017-05-24T00:00:00.000Z,12
from:petrogustavo,2017-05-24T00:00:00.000Z,2017-05-25T00:00:00.000Z,22
from:petrogustavo,2017-05-25T00:00:00.000Z,2017-05-26T00:00:00.000Z,35
from:petrogustavo,2017-05-26T00:00:00.000Z,2017-05-27T00:00:00.000Z,19
from:petrogustavo,2017-05-27T00:00:00.000Z,2017-05-28T00:00:00.000Z,19
from:petrogustavo,2017-05-28T00:00:00.000Z,2017-05-29T00:00:00.000Z,6
from:petrogustavo,2017-05-29T00:00:00.000Z,2017-05-30T00:00:00.000Z,18
from:petrogustavo,2017-05-30T00:00:00.000Z,2017-05-31T00:00:00.000Z,13
from:petrogustavo,2017-05-31T00:00:00.000Z,2017-06-01T00:00:00.000Z,15
from:petrogustavo,2017-06-01T00:00:00.000Z,2017-06-02T00:00:00.000Z,19
from:petrogustavo,2017-06-02T00:00:00.000Z,2017-06-03T00:00:00.000Z,20
from:ClaudiaLopez,2017-05-20T00:00:00.000Z,2017-05-21T00:00:00.000Z,12
from:ClaudiaLopez,2017-05-21T00:00:00.000Z,2017-05-22T00:00:00.000Z,11
from:ClaudiaLopez,2017-05-22T00:00:00.000Z,2017-05-23T00:00:00.000Z,32
from:ClaudiaLopez,2017-05-23T00:00:00.000Z,2017-05-24T00:00:00.000Z,8
from:ClaudiaLopez,2017-05-24T00:00:00.000Z,2017-05-25T00:00:00.000Z,35
from:ClaudiaLopez,2017-05-25T00:00:00.000Z,2017-05-26T00:00:00.000Z,33
from:ClaudiaLopez,2017-05-26T00:00:00.000Z,2017-05-27T00:00:00.000Z,33
from:ClaudiaLopez,2017-05-27T00:00:00.000Z,2017-05-28T00:00:00.000Z,16
from:ClaudiaLopez,2017-05-28T00:00:00.000Z,2017-05-29T00:00:00.000Z,16
from:ClaudiaLopez,2017-05-29T00:00:00.000Z,2017-05-30T00:00:00.000Z,13
from:ClaudiaLopez,2017-05-30T00:00:00.000Z,2017-05-31T00:00:00.000Z,28
from:ClaudiaLopez,2017-05-31T00:00:00.000Z,2017-06-01T00:00:00.000Z,27
from:ClaudiaLopez,2017-06-01T00:00:00.000Z,2017-06-02T00:00:00.000Z,13
from:ClaudiaLopez,2017-06-02T00:00:00.000Z,2017-06-03T00:00:00.000Z,12
from:JuanManSantos,2017-05-20T00:00:00.000Z,2017-05-21T00:00:00.000Z,2
from:JuanManSantos,2017-05-21T00:00:00.000Z,2017-05-22T00:00:00.000Z,4
from:JuanManSantos,2017-05-22T00:00:00.000Z,2017-05-23T00:00:00.000Z,10
from:JuanManSantos,2017-05-23T00:00:00.000Z,2017-05-24T00:00:00.000Z,3
from:JuanManSantos,2017-05-24T00:00:00.000Z,2017-05-25T00:00:00.000Z,5
from:JuanManSantos,2017-05-25T00:00:00.000Z,2017-05-26T00:00:00.000Z,4
from:JuanManSantos,2017-05-26T00:00:00.000Z,2017-05-27T00:00:00.000Z,24
from:JuanManSantos,2017-05-27T00:00:00.000Z,2017-05-28T00:00:00.000Z,2
from:JuanManSantos,2017-05-28T00:00:00.000Z,2017-05-29T00:00:00.000Z,2
from:JuanManSantos,2017-05-29T00:00:00.000Z,2017-05-30T00:00:00.000Z,1
from:JuanManSantos,2017-05-30T00:00:00.000Z,2017-05-31T00:00:00.000Z,9
from:JuanManSantos,2017-05-31T00:00:00.000Z,2017-06-01T00:00:00.000Z,13
from:JuanManSantos,2017-06-01T00:00:00.000Z,2017-06-02T00:00:00.000Z,9
from:JuanManSantos,2017-06-02T00:00:00.000Z,2017-06-03T00:00:00.000Z,8
from:AlvaroUribeVel,2017-05-20T00:00:00.000Z,2017-05-21T00:00:00.000Z,44
from:AlvaroUribeVel,2017-05-21T00:00:00.000Z,2017-05-22T00:00:00.000Z,20
from:AlvaroUribeVel,2017-05-22T00:00:00.000Z,2017-05-23T00:00:00.000Z,61
from:AlvaroUribeVel,2017-05-23T00:00:00.000Z,2017-05-24T00:00:00.000Z,48
from:AlvaroUribeVel,2017-05-24T00:00:00.000Z,2017-05-25T00:00:00.000Z,32
from:AlvaroUribeVel,2017-05-25T00:00:00.000Z,2017-05-26T00:00:00.000Z,30
from:AlvaroUribeVel,2017-05-26T00:00:00.000Z,2017-05-27T00:00:00.000Z,41
from:AlvaroUribeVel,2017-05-27T00:00:00.000Z,2017-05-28T00:00:00.000Z,13
from:AlvaroUribeVel,2017-05-28T00:00:00.000Z,2017-05-29T00:00:00.000Z,23
from:AlvaroUribeVel,2017-05-29T00:00:00.000Z,2017-05-30T00:00:00.000Z,31
from:AlvaroUribeVel,2017-05-30T00:00:00.000Z,2017-05-31T00:00:00.000Z,41
from:AlvaroUribeVel,2017-05-31T00:00:00.000Z,2017-06-01T00:00:00.000Z,30
from:AlvaroUribeVel,2017-06-01T00:00:00.000Z,2017-06-02T00:00:00.000Z,26
from:AlvaroUribeVel,2017-06-02T00:00:00.000Z,2017-06-03T00:00:00.000Z,34
from:AntanasMockus,2017-05-20T00:00:00.000Z,2017-05-21T00:00:00.000Z,0
from:AntanasMockus,2017-05-21T00:00:00.000Z,2017-05-22T00:00:00.000Z,0
from:AntanasMockus,2017-05-22T00:00:00.000Z,2017-05-23T00:00:00.000Z,0
from:AntanasMockus,2017-05-23T00:00:00.000Z,2017-05-24T00:00:00.000Z,3
from:AntanasMockus,2017-05-24T00:00:00.000Z,2017-05-25T00:00:00.000Z,1
from:AntanasMockus,2017-05-25T00:00:00.000Z,2017-05-26T00:00:00.000Z,0
from:AntanasMockus,2017-05-26T00:00:00.000Z,2017-05-27T00:00:00.000Z,0
from:AntanasMockus,2017-05-27T00:00:00.000Z,2017-05-28T00:00:00.000Z,0
from:AntanasMockus,2017-05-28T00:00:00.000Z,2017-05-29T00:00:00.000Z,0
from:AntanasMockus,2017-05-29T00:00:00.000Z,2017-05-30T00:00:00.000Z,0
from:AntanasMockus,2017-05-30T00:00:00.000Z,2017-05-31T00:00:00.000Z,0
from:AntanasMockus,2017-05-31T00:00:00.000Z,2017-06-01T00:00:00.000Z,0
from:AntanasMockus,2017-06-01T00:00:00.000Z,2017-06-02T00:00:00.000Z,1
from:AntanasMockus,2017-06-02T00:00:00.000Z,2017-06-03T00:00:00.000Z,0
from:EnriquePenalosa,2017-05-20T00:00:00.000Z,2017-05-21T00:00:00.000Z,6
from:EnriquePenalosa,2017-05-21T00:00:00.000Z,2017-05-22T00:00:00.000Z,8
from:EnriquePenalosa,2017-05-22T00:00:00.000Z,2017-05-23T00:00:00.000Z,19
from:EnriquePenalosa,2017-05-23T00:00:00.000Z,2017-05-24T00:00:00.000Z,4
from:EnriquePenalosa,2017-05-24T00:00:00.000Z,2017-05-25T00:00:00.000Z,4
from:EnriquePenalosa,2017-05-25T00:00:00.000Z,2017-05-26T00:00:00.000Z,25
from:EnriquePenalosa,2017-05-26T00:00:00.000Z,2017-05-27T00:00:00.000Z,9
from:EnriquePenalosa,2017-05-27T00:00:00.000Z,2017-05-28T00:00:00.000Z,4
from:EnriquePenalosa,2017-05-28T00:00:00.000Z,2017-05-29T00:00:00.000Z,12
from:EnriquePenalosa,2017-05-29T00:00:00.000Z,2017-05-30T00:00:00.000Z,5
from:EnriquePenalosa,2017-05-30T00:00:00.000Z,2017-05-31T00:00:00.000Z,1
from:EnriquePenalosa,2017-05-31T00:00:00.000Z,2017-06-01T00:00:00.000Z,9
from:EnriquePenalosa,2017-06-01T00:00:00.000Z,2017-06-02T00:00:00.000Z,5
from:EnriquePenalosa,2017-06-02T00:00:00.000Z,2017-06-03T00:00:00.000Z,6
from:sergio_fajardo,2017-05-20T00:00:00.000Z,2017-05-21T00:00:00.000Z,4
from:sergio_fajardo,2017-05-21T00:00:00.000Z,2017-05-22T00:00:00.000Z,1
from:sergio_fajardo,2017-05-22T00:00:00.000Z,2017-05-23T00:00:00.000Z,3
from:sergio_fajardo,2017-05-23T00:00:00.000Z,2017-05-24T00:00:00.000Z,5
from:sergio_fajardo,2017-05-24T00:00:00.000Z,2017-05-25T00:00:00.000Z,4
from:sergio_fajardo,2017-05-25T00:00:00.000Z,2017-05-26T00:00:00.000Z,1
from:sergio_fajardo,2017-05-26T00:00:00.000Z,2017-05-27T00:00:00.000Z,2
from:sergio_fajardo,2017-05-27T00:00:00.000Z,2017-05-28T00:00:00.000Z,7
from:sergio_fajardo,2017-05-28T00:00:00.000Z,2017-05-29T00:00:00.000Z,2
from:sergio_fajardo,2017-05-29T00:00:00.000Z,2017-05-30T00:00:00.000Z,4
from:sergio_fajardo,2017-05-30T00:00:00.000Z,2017-05-31T00:00:00.000Z,1
from:sergio_fajardo,2017-05-31T00:00:00.000Z,2017-06-01T00:00:00.000Z,3
from:sergio_fajardo,2017-06-01T00:00:00.000Z,2017-06-02T00:00:00.000Z,5
from:sergio_fajardo,2017-06-02T00:00:00.000Z,2017-06-03T00:00:00.000Z,11
from:IvanCepedaCast,2017-05-20T00:00:00.000Z,2017-05-21T00:00:00.000Z,20
from:IvanCepedaCast,2017-05-21T00:00:00.000Z,2017-05-22T00:00:00.000Z,19
from:IvanCepedaCast,2017-05-22T00:00:00.000Z,2017-05-23T00:00:00.000Z,23
from:IvanCepedaCast,2017-05-23T00:00:00.000Z,2017-05-24T00:00:00.000Z,25
from:IvanCepedaCast,2017-05-24T00:00:00.000Z,2017-05-25T00:00:00.000Z,48
from:IvanCepedaCast,2017-05-25T00:00:00.000Z,2017-05-26T00:00:00.000Z,35
from:IvanCepedaCast,2017-05-26T00:00:00.000Z,2017-05-27T00:00:00.000Z,32
from:IvanCepedaCast,2017-05-27T00:00:00.000Z,2017-05-28T00:00:00.000Z,13
from:IvanCepedaCast,2017-05-28T00:00:00.000Z,2017-05-29T00:00:00.000Z,38
from:IvanCepedaCast,2017-05-29T00:00:00.000Z,2017-05-30T00:00:00.000Z,4
from:IvanCepedaCast,2017-05-30T00:00:00.000Z,2017-05-31T00:00:00.000Z,26
from:IvanCepedaCast,2017-05-31T00:00:00.000Z,2017-06-01T00:00:00.000Z,36
from:IvanCepedaCast,2017-06-01T00:00:00.000Z,2017-06-02T00:00:00.000Z,21
from:IvanCepedaCast,2017-06-02T00:00:00.000Z,2017-06-03T00:00:00.000Z,35
from:JERobledo,2017-05-20T00:00:00.000Z,2017-05-21T00:00:00.000Z,43
from:JERobledo,2017-05-21T00:00:00.000Z,2017-05-22T00:00:00.000Z,25
from:JERobledo,2017-05-22T00:00:00.000Z,2017-05-23T00:00:00.000Z,34
from:JERobledo,2017-05-23T00:00:00.000Z,2017-05-24T00:00:00.000Z,37
from:JERobledo,2017-05-24T00:00:00.000Z,2017-05-25T00:00:00.000Z,28
from:JERobledo,2017-05-25T00:00:00.000Z,2017-05-26T00:00:00.000Z,30
from:JERobledo,2017-05-26T00:00:00.000Z,2017-05-27T00:00:00.000Z,68
from:JERobledo,2017-05-27T00:00:00.000Z,2017-05-28T00:00:00.000Z,15
from:JERobledo,2017-05-28T00:00:00.000Z,2017-05-29T00:00:00.000Z,24
from:JERobledo,2017-05-29T00:00:00.000Z,2017-05-30T00:00:00.000Z,24
from:JERobledo,2017-05-30T00:00:00.000Z,2017-05-31T00:00:00.000Z,22
from:JERobledo,2017-05-31T00:00:00.000Z,2017-06-01T00:00:00.000Z,24
from:JERobledo,2017-06-01T00:00:00.000Z,2017-06-02T00:00:00.000Z,44
from:JERobledo,2017-06-02T00:00:00.000Z,2017-06-03T00:00:00.000Z,37
from:DanielSamperO,2017-05-20T00:00:00.000Z,2017-05-21T00:00:00.000Z,215
from:DanielSamperO,2017-05-21T00:00:00.000Z,2017-05-22T00:00:00.000Z,64
from:DanielSamperO,2017-05-22T00:00:00.000Z,2017-05-23T00:00:00.000Z,16
from:DanielSamperO,2017-05-23T00:00:00.000Z,2017-05-24T00:00:00.000Z,62
from:DanielSamperO,2017-05-24T00:00:00.000Z,2017-05-25T00:00:00.000Z,13
from:DanielSamperO,2017-05-25T00:00:00.000Z,2017-05-26T00:00:00.000Z,19
from:DanielSamperO,2017-05-26T00:00:00.000Z,2017-05-27T00:00:00.000Z,148
from:DanielSamperO,2017-05-27T00:00:00.000Z,2017-05-28T00:00:00.000Z,91
from:DanielSamperO,2017-05-28T00:00:00.000Z,2017-05-29T00:00:00.000Z,88
from:DanielSamperO,2017-05-29T00:00:00.000Z,2017-05-30T00:00:00.000Z,19
from:DanielSamperO,2017-05-30T00:00:00.000Z,2017-05-31T00:00:00.000Z,28
from:DanielSamperO,2017-05-31T00:00:00.000Z,2017-06-01T00:00:00.000Z,17
from:DanielSamperO,2017-06-01T00:00:00.000Z,2017-06-02T00:00:00.000Z,20
from:DanielSamperO,2017-06-02T00:00:00.000Z,2017-06-03T00:00:00.000Z,75
from:OIZuluaga,2017-05-20T00:00:00.000Z,2017-05-21T00:00:00.000Z,4
from:OIZuluaga,2017-05-21T00:00:00.000Z,2017-05-22T00:00:00.000Z,5
from:OIZuluaga,2017-05-22T00:00:00.000Z,2017-05-23T00:00:00.000Z,3
from:OIZuluaga,2017-05-23T00:00:00.000Z,2017-05-24T00:00:00.000Z,2
from:OIZuluaga,2017-05-24T00:00:00.000Z,2017-05-25T00:00:00.000Z,4
from:OIZuluaga,2017-05-25T00:00:00.000Z,2017-05-26T00:00:00.000Z,0
from:OIZuluaga,2017-05-26T00:00:00.000Z,2017-05-27T00:00:00.000Z,1
from:OIZuluaga,2017-05-27T00:00:00.000Z,2017-05-28T00:00:00.000Z,9
from:OIZuluaga,2017-05-28T00:00:00.000Z,2017-05-29T00:00:00.000Z,1
from:OIZuluaga,2017-05-29T00:00:00.000Z,2017-05-30T00:00:00.000Z,4
from:OIZuluaga,2017-05-30T00:00:00.000Z,2017-05-31T00:00:00.000Z,0
from:OIZuluaga,2017-05-31T00:00:00.000Z,2017-06-01T00:00:00.000Z,12
from:OIZuluaga,2017-06-01T00:00:00.000Z,2017-06-02T00:00:00.000Z,1
from:OIZuluaga,2017-06-02T00:00:00.000Z,2017-06-03T00:00:00.000Z,0
from:mluciaramirez,2017-05-20T00:00:00.000Z,2017-05-21T00:00:00.000Z,13
from:mluciaramirez,2017-05-21T00:00:00.000Z,2017-05-22T00:00:00.000Z,19
from:mluciaramirez,2017-05-22T00:00:00.000Z,2017-05-23T00:00:00.000Z,15
from:mluciaramirez,2017-05-23T00:00:00.000Z,2017-05-24T00:00:00.000Z,8
from:mluciaramirez,2017-05-24T00:00:00.000Z,2017-05-25T00:00:00.000Z,18
from:mluciaramirez,2017-05-25T00:00:00.000Z,2017-05-26T00:00:00.000Z,14
from:mluciaramirez,2017-05-26T00:00:00.000Z,2017-05-27T00:00:00.000Z,26
from:mluciaramirez,2017-05-27T00:00:00.000Z,2017-05-28T00:00:00.000Z,21
from:mluciaramirez,2017-05-28T00:00:00.000Z,2017-05-29T00:00:00.000Z,1
from:mluciaramirez,2017-05-29T00:00:00.000Z,2017-05-30T00:00:00.000Z,10
from:mluciaramirez,2017-05-30T00:00:00.000Z,2017-05-31T00:00:00.000Z,2
from:mluciaramirez,2017-05-31T00:00:00.000Z,2017-06-01T00:00:00.000Z,2
from:mluciaramirez,2017-06-01T00:00:00.000Z,2017-06-02T00:00:00.000Z,15
from:mluciaramirez,2017-06-02T00:00:00.000Z,2017-06-03T00:00:00.000Z,13
from:PalomaValenciaL,2017-05-20T00:00:00.000Z,2017-05-21T00:00:00.000Z,19
from:PalomaValenciaL,2017-05-21T00:00:00.000Z,2017-05-22T00:00:00.000Z,0
from:PalomaValenciaL,2017-05-22T00:00:00.000Z,2017-05-23T00:00:00.000Z,17
from:PalomaValenciaL,2017-05-23T00:00:00.000Z,2017-05-24T00:00:00.000Z,4
from:PalomaValenciaL,2017-05-24T00:00:00.000Z,2017-05-25T00:00:00.000Z,2
from:PalomaValenciaL,2017-05-25T00:00:00.000Z,2017-05-26T00:00:00.000Z,0
from:PalomaValenciaL,2017-05-26T00:00:00.000Z,2017-05-27T00:00:00.000Z,4
from:PalomaValenciaL,2017-05-27T00:00:00.000Z,2017-05-28T00:00:00.000Z,3
from:PalomaValenciaL,2017-05-28T00:00:00.000Z,2017-05-29T00:00:00.000Z,0
from:PalomaValenciaL,2017-05-29T00:00:00.000Z,2017-05-30T00:00:00.000Z,0
from:PalomaValenciaL,2017-05-30T00:00:00.000Z,2017-05-31T00:00:00.000Z,8
from:PalomaValenciaL,2017-05-31T00:00:00.000Z,2017-06-01T00:00:00.000Z,3
from:PalomaValenciaL,2017-06-01T00:00:00.000Z,2017-06-02T00:00:00.000Z,8
from:PalomaValenciaL,2017-06-02T00:00:00.000Z,2017-06-03T00:00:00.000Z,7
from:AndresPastrana_,2017-05-20T00:00:00.000Z,2017-05-21T00:00:00.000Z,0
from:AndresPastrana_,2017-05-21T00:00:00.000Z,2017-05-22T00:00:00.000Z,3
from:AndresPastrana_,2017-05-22T00:00:00.000Z,2017-05-23T00:00:00.000Z,0
from:AndresPastrana_,2017-05-23T00:00:00.000Z,2017-05-24T00:00:00.000Z,8
from:AndresPastrana_,2017-05-24T00:00:00.000Z,2017-05-25T00:00:00.000Z,3
from:AndresPastrana_,2017-05-25T00:00:00.000Z,2017-05-26T00:00:00.000Z,4
from:AndresPastrana_,2017-05-26T00:00:00.000Z,2017-05-27T00:00:00.000Z,0
from:AndresPastrana_,2017-05-27T00:00:00.000Z,2017-05-28T00:00:00.000Z,1
from:AndresPastrana_,2017-05-28T00:00:00.000Z,2017-05-29T00:00:00.000Z,12
from:AndresPastrana_,2017-05-29T00:00:00.000Z,2017-05-30T00:00:00.000Z,2
from:AndresPastrana_,2017-05-30T00:00:00.000Z,2017-05-31T00:00:00.000Z,1
from:AndresPastrana_,2017-05-31T00:00:00.000Z,2017-06-01T00:00:00.000Z,1
from:AndresPastrana_,2017-06-01T00:00:00.000Z,2017-06-02T00:00:00.000Z,2
from:AndresPastrana_,2017-06-02T00:00:00.000Z,2017-06-03T00:00:00.000Z,3
from:MariaFdaCabal,2017-05-20T00:00:00.000Z,2017-05-21T00:00:00.000Z,14
from:MariaFdaCabal,2017-05-21T00:00:00.000Z,2017-05-22T00:00:00.000Z,27
from:MariaFdaCabal,2017-05-22T00:00:00.000Z,2017-05-23T00:00:00.000Z,31
from:MariaFdaCabal,2017-05-23T00:00:00.000Z,2017-05-24T00:00:00.000Z,19
from:MariaFdaCabal,2017-05-24T00:00:00.000Z,2017-05-25T00:00:00.000Z,32
from:MariaFdaCabal,2017-05-25T00:00:00.000Z,2017-05-26T00:00:00.000Z,10
from:MariaFdaCabal,2017-05-26T00:00:00.000Z,2017-05-27T00:00:00.000Z,33
from:MariaFdaCabal,2017-05-27T00:00:00.000Z,2017-05-28T00:00:00.000Z,26
from:MariaFdaCabal,2017-05-28T00:00:00.000Z,2017-05-29T00:00:00.000Z,16
from:MariaFdaCabal,2017-05-29T00:00:00.000Z,2017-05-30T00:00:00.000Z,34
from:MariaFdaCabal,2017-05-30T00:00:00.000Z,2017-05-31T00:00:00.000Z,25
from:MariaFdaCabal,2017-05-31T00:00:00.000Z,2017-06-01T00:00:00.000Z,27
from:MariaFdaCabal,2017-06-01T00:00:00.000Z,2017-06-02T00:00:00.000Z,23
from:MariaFdaCabal,2017-06-02T00:00:00.000Z,2017-06-03T00:00:00.000Z,36
from:agaviriau,2017-05-20T00:00:00.000Z,2017-05-21T00:00:00.000Z,11
from:agaviriau,2017-05-21T00:00:00.000Z,2017-05-22T00:00:00.000Z,9
from:agaviriau,2017-05-22T00:00:00.000Z,2017-05-23T00:00:00.000Z,6
from:agaviriau,2017-05-23T00:00:00.000Z,2017-05-24T00:00:00.000Z,9
from:agaviriau,2017-05-24T00:00:00.000Z,2017-05-25T00:00:00.000Z,5
from:agaviriau,2017-05-25T00:00:00.000Z,2017-05-26T00:00:00.000Z,29
from:agaviriau,2017-05-26T00:00:00.000Z,2017-05-27T00:00:00.000Z,17
from:agaviriau,2017-05-27T00:00:00.000Z,2017-05-28T00:00:00.000Z,9
from:agaviriau,2017-05-28T00:00:00.000Z,2017-05-29T00:00:00.000Z,21
from:agaviriau,2017-05-29T00:00:00.000Z,2017-05-30T00:00:00.000Z,11
from:agaviriau,2017-05-30T00:00:00.000Z,2017-05-31T00:00:00.000Z,26
from:agaviriau,2017-05-31T00:00:00.000Z,2017-06-01T00:00:00.000Z,30
from:agaviriau,2017-06-01T00:00:00.000Z,2017-06-02T00:00:00.000Z,10
from:agaviriau,2017-06-02T00:00:00.000Z,2017-06-03T00:00:00.000Z,0
from:DeLaCalleHum,2017-05-20T00:00:00.000Z,2017-05-21T00:00:00.000Z,0
from:DeLaCalleHum,2017-05-21T00:00:00.000Z,2017-05-22T00:00:00.000Z,0
from:DeLaCalleHum,2017-05-22T00:00:00.000Z,2017-05-23T00:00:00.000Z,0
from:DeLaCalleHum,2017-05-23T00:00:00.000Z,2017-05-24T00:00:00.000Z,0
from:DeLaCalleHum,2017-05-24T00:00:00.000Z,2017-05-25T00:00:00.000Z,0
from:DeLaCalleHum,2017-05-25T00:00:00.000Z,2017-05-26T00:00:00.000Z,0
from:DeLaCalleHum,2017-05-26T00:00:00.000Z,2017-05-27T00:00:00.000Z,0
from:DeLaCalleHum,2017-05-27T00:00:00.000Z,2017-05-28T00:00:00.000Z,0
from:DeLaCalleHum,2017-05-28T00:00:00.000Z,2017-05-29T00:00:00.000Z,0
from:DeLaCalleHum,2017-05-29T00:00:00.000Z,2017-05-30T00:00:00.000Z,0
from:DeLaCalleHum,2017-05-30T00:00:00.000Z,2017-05-31T00:00:00.000Z,0
from:DeLaCalleHum,2017-05-31T00:00:00.000Z,2017-06-01T00:00:00.000Z,0
from:DeLaCalleHum,2017-06-01T00:00:00.000Z,2017-06-02T00:00:00.000Z,1
from:DeLaCalleHum,2017-06-02T00:00:00.000Z,2017-06-03T00:00:00.000Z,3
from:QuinteroCalle,2017-05-20T00:00:00.000Z,2017-05-21T00:00:00.000Z,6
from:QuinteroCalle,2017-05-21T00:00:00.000Z,2017-05-22T00:00:00.000Z,7
from:QuinteroCalle,2017-05-22T00:00:00.000Z,2017-05-23T00:00:00.000Z,12
from:QuinteroCalle,2017-05-23T00:00:00.000Z,2017-05-24T00:00:00.000Z,12
from:QuinteroCalle,2017-05-24T00:00:00.000Z,2017-05-25T00:00:00.000Z,26
from:QuinteroCalle,2017-05-25T00:00:00.000Z,2017-05-26T00:00:00.000Z,39
from:QuinteroCalle,2017-05-26T00:00:00.000Z,2017-05-27T00:00:00.000Z,9
from:QuinteroCalle,2017-05-27T00:00:00.000Z,2017-05-28T00:00:00.000Z,6
from:QuinteroCalle,2017-05-28T00:00:00.000Z,2017-05-29T00:00:00.000Z,3
from:QuinteroCalle,2017-05-29T00:00:00.000Z,2017-05-30T00:00:00.000Z,5
from:QuinteroCalle,2017-05-30T00:00:00.000Z,2017-05-31T00:00:00.000Z,9
from:QuinteroCalle,2017-05-31T00:00:00.000Z,2017-06-01T00:00:00.000Z,27
from:QuinteroCalle,2017-06-01T00:00:00.000Z,2017-06-02T00:00:00.000Z,17
from:QuinteroCalle,2017-06-02T00:00:00.000Z,2017-06-03T00:00:00.000Z,17
from:RoyBarreras,2017-05-20T00:00:00.000Z,2017-05-21T00:00:00.000Z,4
from:RoyBarreras,2017-05-21T00:00:00.000Z,2017-05-22T00:00:00.000Z,2
from:RoyBarreras,2017-05-22T00:00:00.000Z,2017-05-23T00:00:00.000Z,3
from:RoyBarreras,2017-05-23T00:00:00.000Z,2017-05-24T00:00:00.000Z,6
from:RoyBarreras,2017-05-24T00:00:00.000Z,2017-05-25T00:00:00.000Z,18
from:RoyBarreras,2017-05-25T00:00:00.000Z,2017-05-26T00:00:00.000Z,19
from:RoyBarreras,2017-05-26T00:00:00.000Z,2017-05-27T00:00:00.000Z,3
from:RoyBarreras,2017-05-27T00:00:00.000Z,2017-05-28T00:00:00.000Z,1
from:RoyBarreras,2017-05-28T00:00:00.000Z,2017-05-29T00:00:00.000Z,0
from:RoyBarreras,2017-05-29T00:00:00.000Z,2017-05-30T00:00:00.000Z,1
from:RoyBarreras,2017-05-30T00:00:00.000Z,2017-05-31T00:00:00.000Z,4
from:RoyBarreras,2017-05-31T00:00:00.000Z,2017-06-01T00:00:00.000Z,2
from:RoyBarreras,2017-06-01T00:00:00.000Z,2017-06-02T00:00:00.000Z,3
from:RoyBarreras,2017-06-02T00:00:00.000Z,2017-06-03T00:00:00.000Z,26
from:AngelicaLozanoC,2017-05-20T00:00:00.000Z,2017-05-21T00:00:00.000Z,13
from:AngelicaLozanoC,2017-05-21T00:00:00.000Z,2017-05-22T00:00:00.000Z,8
from:AngelicaLozanoC,2017-05-22T00:00:00.000Z,2017-05-23T00:00:00.000Z,12
from:AngelicaLozanoC,2017-05-23T00:00:00.000Z,2017-05-24T00:00:00.000Z,21
from:AngelicaLozanoC,2017-05-24T00:00:00.000Z,2017-05-25T00:00:00.000Z,42
from:AngelicaLozanoC,2017-05-25T00:00:00.000Z,2017-05-26T00:00:00.000Z,35
from:AngelicaLozanoC,2017-05-26T00:00:00.000Z,2017-05-27T00:00:00.000Z,53
from:AngelicaLozanoC,2017-05-27T00:00:00.000Z,2017-05-28T00:00:00.000Z,81
from:AngelicaLozanoC,2017-05-28T00:00:00.000Z,2017-05-29T00:00:00.000Z,15
from:AngelicaLozanoC,2017-05-29T00:00:00.000Z,2017-05-30T00:00:00.000Z,12
from:AngelicaLozanoC,2017-05-30T00:00:00.000Z,2017-05-31T00:00:00.000Z,29
from:AngelicaLozanoC,2017-05-31T00:00:00.000Z,2017-06-01T00:00:00.000Z,23
from:AngelicaLozanoC,2017-06-01T00:00:00.000Z,2017-06-02T00:00:00.000Z,33
from:AngelicaLozanoC,2017-06-02T00:00:00.000Z,2017-06-03T00:00:00.000Z,15
from:CarlosFGalan,2017-05-20T00:00:00.000Z,2017-05-21T00:00:00.000Z,0
from:CarlosFGalan,2017-05-21T00:00:00.000Z,2017-05-22T00:00:00.000Z,3
from:CarlosFGalan,2017-05-22T00:00:00.000Z,2017-05-23T00:00:00.000Z,2
from:CarlosFGalan,2017-05-23T00:00:00.000Z,2017-05-24T00:00:00.000Z,4
from:CarlosFGalan,2017-05-24T00:00:00.000Z,2017-05-25T00:00:00.000Z,3
from:CarlosFGalan,2017-05-25T00:00:00.000Z,2017-05-26T00:00:00.000Z,0
from:CarlosFGalan,2017-05-26T00:00:00.000Z,2017-05-27T00:00:00.000Z,2
from:CarlosFGalan,2017-05-27T00:00:00.000Z,2017-05-28T00:00:00.000Z,2
from:CarlosFGalan,2017-05-28T00:00:00.000Z,2017-05-29T00:00:00.000Z,7
from:CarlosFGalan,2017-05-29T00:00:00.000Z,2017-05-30T00:00:00.000Z,0
from:CarlosFGalan,2017-05-30T00:00:00.000Z,2017-05-31T00:00:00.000Z,3
from:CarlosFGalan,2017-05-31T00:00:00.000Z,2017-06-01T00:00:00.000Z,3
from:CarlosFGalan,2017-06-01T00:00:00.000Z,2017-06-02T00:00:00.000Z,1
from:CarlosFGalan,2017-06-02T00:00:00.000Z,2017-06-03T00:00:00.000Z,1
from:navarrowolff,2017-05-20T00:00:00.000Z,2017-05-21T00:00:00.000Z,1
from:navarrowolff,2017-05-21T00:00:00.000Z,2017-05-22T00:00:00.000Z,7
from:navarrowolff,2017-05-22T00:00:00.000Z,2017-05-23T00:00:00.000Z,6
from:navarrowolff,2017-05-23T00:00:00.000Z,2017-05-24T00:00:00.000Z,8
from:navarrowolff,2017-05-24T00:00:00.000Z,2017-05-25T00:00:00.000Z,2
from:navarrowolff,2017-05-25T00:00:00.000Z,2017-05-26T00:00:00.000Z,5
from:navarrowolff,2017-05-26T00:00:00.000Z,2017-05-27T00:00:00.000Z,0
from:navarrowolff,2017-05-27T00:00:00.000Z,2017-05-28T00:00:00.000Z,6
from:navarrowolff,2017-05-28T00:00:00.000Z,2017-05-29T00:00:00.000Z,5
from:navarrowolff,2017-05-29T00:00:00.000Z,2017-05-30T00:00:00.000Z,3
from:navarrowolff,2017-05-30T00:00:00.000Z,2017-05-31T00:00:00.000Z,2
from:navarrowolff,2017-05-31T00:00:00.000Z,2017-06-01T00:00:00.000Z,1
from:navarrowolff,2017-06-01T00:00:00.000Z,2017-06-02T00:00:00.000Z,3
from:navarrowolff,2017-06-02T00:00:00.000Z,2017-06-03T00:00:00.000Z,3
from:ClaraLopezObre,2017-05-20T00:00:00.000Z,2017-05-21T00:00:00.000Z,7
from:ClaraLopezObre,2017-05-21T00:00:00.000Z,2017-05-22T00:00:00.000Z,4
from:ClaraLopezObre,2017-05-22T00:00:00.000Z,2017-05-23T00:00:00.000Z,10
from:ClaraLopezObre,2017-05-23T00:00:00.000Z,2017-05-24T00:00:00.000Z,26
from:ClaraLopezObre,2017-05-24T00:00:00.000Z,2017-05-25T00:00:00.000Z,12
from:ClaraLopezObre,2017-05-25T00:00:00.000Z,2017-05-26T00:00:00.000Z,19
from:ClaraLopezObre,2017-05-26T00:00:00.000Z,2017-05-27T00:00:00.000Z,8
from:ClaraLopezObre,2017-05-27T00:00:00.000Z,2017-05-28T00:00:00.000Z,4
from:ClaraLopezObre,2017-05-28T00:00:00.000Z,2017-05-29T00:00:00.000Z,4
from:ClaraLopezObre,2017-05-29T00:00:00.000Z,2017-05-30T00:00:00.000Z,6
from:ClaraLopezObre,2017-05-30T00:00:00.000Z,2017-05-31T00:00:00.000Z,8
from:ClaraLopezObre,2017-05-31T00:00:00.000Z,2017-06-01T00:00:00.000Z,7
from:ClaraLopezObre,2017-06-01T00:00:00.000Z,2017-06-02T00:00:00.000Z,10
from:ClaraLopezObre,2017-06-02T00:00:00.000Z,2017-06-03T00:00:00.000Z,8
from:HoracioSerpa,2017-05-20T00:00:00.000Z,2017-05-21T00:00:00.000Z,2
from:HoracioSerpa,2017-05-21T00:00:00.000Z,2017-05-22T00:00:00.000Z,12
from:HoracioSerpa,2017-05-22T00:00:00.000Z,2017-05-23T00:00:00.000Z,1
from:HoracioSerpa,2017-05-23T00:00:00.000Z,2017-05-24T00:00:00.000Z,3
from:HoracioSerpa,2017-05-24T00:00:00.000Z,2017-05-25T00:00:00.000Z,7
from:HoracioSerpa,2017-05-25T00:00:00.000Z,2017-05-26T00:00:00.000Z,1
from:HoracioSerpa,2017-05-26T00:00:00.000Z,2017-05-27T00:00:00.000Z,10
from:HoracioSerpa,2017-05-27T00:00:00.000Z,2017-05-28T00:00:00.000Z,1
from:HoracioSerpa,2017-05-28T00:00:00.000Z,2017-05-29T00:00:00.000Z,1
from:HoracioSerpa,2017-05-29T00:00:00.000Z,2017-05-30T00:00:00.000Z,2
from:HoracioSerpa,2017-05-30T00:00:00.000Z,2017-05-31T00:00:00.000Z,4
from:HoracioSerpa,2017-05-31T00:00:00.000Z,2017-06-01T00:00:00.000Z,9
from:HoracioSerpa,2017-06-01T00:00:00.000Z,2017-06-02T00:00:00.000Z,7
from:HoracioSerpa,2017-06-02T00:00:00.000Z,2017-06-03T00:00:00.000Z,13
from:German_Vargas,2017-05-20T00:00:00.000Z,2017-05-21T00:00:00.000Z,0
from:German_Vargas,2017-05-21T00:00:00.000Z,2017-05-22T00:00:00.000Z,3
from:German_Vargas,2017-05-22T00:00:00.000Z,2017-05-23T00:00:00.000Z,1
from:German_Vargas,2017-05-23T00:00:00.000Z,2017-05-24T00:00:00.000Z,2
from:German_Vargas,2017-05-24T00:00:00.000Z,2017-05-25T00:00:00.000Z,0
from:German_Vargas,2017-05-25T00:00:00.000Z,2017-05-26T00:00:00.000Z,1
from:German_Vargas,2017-05-26T00:00:00.000Z,2017-05-27T00:00:00.000Z,0
from:German_Vargas,2017-05-27T00:00:00.000Z,2017-05-28T00:00:00.000Z,0
from:German_Vargas,2017-05-28T00:00:00.000Z,2017-05-29T00:00:00.000Z,0
from:German_Vargas,2017-05-29T00:00:00.000Z,2017-05-30T00:00:00.000Z,0
from:German_Vargas,2017-05-30T00:00:00.000Z,2017-05-31T00:00:00.000Z,0
from:German_Vargas,2017-05-31T00:00:00.000Z,2017-06-01T00:00:00.000Z,0
from:German_Vargas,2017-06-01T00:00:00.000Z,2017-06-02T00:00:00.000Z,0
from:German_Vargas,2017-06-02T00:00:00.000Z,2017-06-03T00:00:00.000Z,3
from:RafaelPardo,2017-05-20T00:00:00.000Z,2017-05-21T00:00:00.000Z,3
from:RafaelPardo,2017-05-21T00:00:00.000Z,2017-05-22T00:00:00.000Z,5
from:RafaelPardo,2017-05-22T00:00:00.000Z,2017-05-23T00:00:00.000Z,7
from:RafaelPardo,2017-05-23T00:00:00.000Z,2017-05-24T00:00:00.000Z,6
from:RafaelPardo,2017-05-24T00:00:00.000Z,2017-05-25T00:00:00.000Z,19
from:RafaelPardo,2017-05-25T00:00:00.000Z,2017-05-26T00:00:00.000Z,5
from:RafaelPardo,2017-05-26T00:00:00.000Z,2017-05-27T00:00:00.000Z,18
from:RafaelPardo,2017-05-27T00:00:00.000Z,2017-05-28T00:00:00.000Z,5
from:RafaelPardo,2017-05-28T00:00:00.000Z,2017-05-29T00:00:00.000Z,9
from:RafaelPardo,2017-05-29T00:00:00.000Z,2017-05-30T00:00:00.000Z,7
from:RafaelPardo,2017-05-30T00:00:00.000Z,2017-05-31T00:00:00.000Z,11
from:RafaelPardo,2017-05-31T00:00:00.000Z,2017-06-01T00:00:00.000Z,24
from:RafaelPardo,2017-06-01T00:00:00.000Z,2017-06-02T00:00:00.000Z,7
from:RafaelPardo,2017-06-02T00:00:00.000Z,2017-06-03T00:00:00.000Z,14
from:AABenedetti,2017-05-20T00:00:00.000Z,2017-05-21T00:00:00.000Z,7
from:AABenedetti,2017-05-21T00:00:00.000Z,2017-05-22T00:00:00.000Z,7
from:AABenedetti,2017-05-22T00:00:00.000Z,2017-05-23T00:00:00.000Z,3
from:AABenedetti,2017-05-23T00:00:00.000Z,2017-05-24T00:00:00.000Z,3
from:AABenedetti,2017-05-24T00:00:00.000Z,2017-05-25T00:00:00.000Z,7
from:AABenedetti,2017-05-25T00:00:00.000Z,2017-05-26T00:00:00.000Z,4
from:AABenedetti,2017-05-26T00:00:00.000Z,2017-05-27T00:00:00.000Z,9
from:AABenedetti,2017-05-27T00:00:00.000Z,2017-05-28T00:00:00.000Z,0
from:AABenedetti,2017-05-28T00:00:00.000Z,2017-05-29T00:00:00.000Z,2
from:AABenedetti,2017-05-29T00:00:00.000Z,2017-05-30T00:00:00.000Z,1
from:AABenedetti,2017-05-30T00:00:00.000Z,2017-05-31T00:00:00.000Z,9
from:AABenedetti,2017-05-31T00:00:00.000Z,2017-06-01T00:00:00.000Z,5
from:AABenedetti,2017-06-01T00:00:00.000Z,2017-06-02T00:00:00.000Z,9
from:AABenedetti,2017-06-02T00:00:00.000Z,2017-06-03T00:00:00.000Z,8
from:GustavoBolivar,2017-05-20T00:00:00.000Z,2017-05-21T00:00:00.000Z,2
from:GustavoBolivar,2017-05-21T00:00:00.000Z,2017-05-22T00:00:00.000Z,1
from:GustavoBolivar,2017-05-22T00:00:00.000Z,2017-05-23T00:00:00.000Z,3
from:GustavoBolivar,2017-05-23T00:00:00.000Z,2017-05-24T00:00:00.000Z,1
from:GustavoBolivar,2017-05-24T00:00:00.000Z,2017-05-25T00:00:00.000Z,1
from:GustavoBolivar,2017-05-25T00:00:00.000Z,2017-05-26T00:00:00.000Z,3
from:GustavoBolivar,2017-05-26T00:00:00.000Z,2017-05-27T00:00:00.000Z,5
from:GustavoBolivar,2017-05-27T00:00:00.000Z,2017-05-28T00:00:00.000Z,4
from:GustavoBolivar,2017-05-28T00:00:00.000Z,2017-05-29T00:00:00.000Z,6
from:GustavoBolivar,2017-05-29T00:00:00.000Z,2017-05-30T00:00:00.000Z,4
from:GustavoBolivar,2017-05-30T00:00:00.000Z,2017-05-31T00:00:00.000Z,4
from:GustavoBolivar,2017-05-31T00:00:00.000Z,2017-06-01T00:00:00.000Z,4
from:GustavoBolivar,2017-06-01T00:00:00.000Z,2017-06-02T00:00:00.000Z,4
from:GustavoBolivar,2017-06-02T00:00:00.000Z,2017-06-03T00:00:00.000Z,3
from:AidaAvellaE,2017-05-20T00:00:00.000Z,2017-05-21T00:00:00.000Z,4
from:AidaAvellaE,2017-05-21T00:00:00.000Z,2017-05-22T00:00:00.000Z,2
from:AidaAvellaE,2017-05-22T00:00:00.000Z,2017-05-23T00:00:00.000Z,8
from:AidaAvellaE,2017-05-23T00:00:00.000Z,2017-05-24T00:00:00.000Z,3
from:AidaAvellaE,2017-05-24T00:00:00.000Z,2017-05-25T00:00:00.000Z,4
from:AidaAvellaE,2017-05-25T00:00:00.000Z,2017-05-26T00:00:00.000Z,2
from:AidaAvellaE,2017-05-26T00:00:00.000Z,2017-05-27T00:00:00.000Z,9
from:AidaAvellaE,2017-05-27T00:00:00.000Z,2017-05-28T00:00:00.000Z,6
from:AidaAvellaE,2017-05-28T00:00:00.000Z,2017-05-29T00:00:00.000Z,1
from:AidaAvellaE,2017-05-29T00:00:00.000Z,2017-05-30T00:00:00.000Z,1
from:AidaAvellaE,2017-05-30T00:00:00.000Z,2017-05-31T00:00:00.000Z,0
from:AidaAvellaE,2017-05-31T00:00:00.000Z,2017-06-01T00:00:00.000Z,4
from:AidaAvellaE,2017-06-01T00:00:00.000Z,2017-06-02T00:00:00.000Z,5
from:AidaAvellaE,2017-06-02T00:00:00.000Z,2017-06-03T00:00:00.000Z,3
from:MiguelUribeT,2017-05-20T00:00:00.000Z,2017-05-21T00:00:00.000Z,4
from:MiguelUribeT,2017-05-21T00:00:00.000Z,2017-05-22T00:00:00.000Z,2
from:MiguelUribeT,2017-05-22T00:00:00.000Z,2017-05-23T00:00:00.000Z,16
from:MiguelUribeT,2017-05-23T00:00:00.000Z,2017-05-24T00:00:00.000Z,6
from:MiguelUribeT,2017-05-24T00:00:00.000Z,2017-05-25T00:00:00.000Z,4
from:MiguelUribeT,2017-05-25T00:00:00.000Z,2017-05-26T00:00:00.000Z,14
from:MiguelUribeT,2017-05-26T00:00:00.000Z,2017-05-27T00:00:00.000Z,13
from:MiguelUribeT,2017-05-27T00:00:00.000Z,2017-05-28T00:00:00.000Z,5
from:MiguelUribeT,2017-05-28T00:00:00.000Z,2017-05-29T00:00:00.000Z,0
from:MiguelUribeT,2017-05-29T00:00:00.000Z,2017-05-30T00:00:00.000Z,2
from:MiguelUribeT,2017-05-30T00:00:00.000Z,2017-05-31T00:00:00.000Z,7
from:MiguelUribeT,2017-05-31T00:00:00.000Z,2017-06-01T00:00:00.000Z,2
from:MiguelUribeT,2017-06-01T00:00:00.000Z,2017-06-02T00:00:00.000Z,8
from:MiguelUribeT,2017-06-02T00:00:00.000Z,2017-06-03T00:00:00.000Z,16
from:Baena,2017-05-20T00:00:00.000Z,2017-05-21T00:00:00.000Z,0
from:Baena,2017-05-21T00:00:00.000Z,2017-05-22T00:00:00.000Z,0
from:Baena,2017-05-22T00:00:00.000Z,2017-05-23T00:00:00.000Z,0
from:Baena,2017-05-23T00:00:00.000Z,2017-05-24T00:00:00.000Z,0
from:Baena,2017-05-24T00:00:00.000Z,2017-05-25T00:00:00.000Z,1
from:Baena,2017-05-25T00:00:00.000Z,2017-05-26T00:00:00.000Z,2
from:Baena,2017-05-26T00:00:00.000Z,2017-05-27T00:00:00.000Z,1
from:Baena,2017-05-27T00:00:00.000Z,2017-05-28T00:00:00.000Z,0
from:Baena,2017-05-28T00:00:00.000Z,2017-05-29T00:00:00.000Z,0
from:Baena,2017-05-29T00:00:00.000Z,2017-05-30T00:00:00.000Z,0
from:Baena,2017-05-30T00:00:00.000Z,2017-05-31T00:00:00.000Z,3
from:Baena,2017-05-31T00:00:00.000Z,2017-06-01T00:00:00.000Z,3
from:Baena,2017-06-01T00:00:00.000Z,2017-06-02T00:00:00.000Z,0
from:Baena,2017-06-02T00:00:00.000Z,2017-06-03T00:00:00.000Z,3
from:FicoGutierrez,2017-05-20T00:00:00.000Z,2017-05-21T00:00:00.000Z,4
from:FicoGutierrez,2017-05-21T00:00:00.000Z,2017-05-22T00:00:00.000Z,1
from:FicoGutierrez,2017-05-22T00:00:00.000Z,2017-05-23T00:00:00.000Z,3
from:FicoGutierrez,2017-05-23T00:00:00.000Z,2017-05-24T00:00:00.000Z,0
from:FicoGutierrez,2017-05-24T00:00:00.000Z,2017-05-25T00:00:00.000Z,26
from:FicoGutierrez,2017-05-25T00:00:00.000Z,2017-05-26T00:00:00.000Z,3
from:FicoGutierrez,2017-05-26T00:00:00.000Z,2017-05-27T00:00:00.000Z,1
from:FicoGutierrez,2017-05-27T00:00:00.000Z,2017-05-28T00:00:00.000Z,0
from:FicoGutierrez,2017-05-28T00:00:00.000Z,2017-05-29T00:00:00.000Z,2
from:FicoGutierrez,2017-05-29T00:00:00.000Z,2017-05-30T00:00:00.000Z,2
from:FicoGutierrez,2017-05-30T00:00:00.000Z,2017-05-31T00:00:00.000Z,4
from:FicoGutierrez,2017-05-31T00:00:00.000Z,2017-06-01T00:00:00.000Z,44
from:FicoGutierrez,2017-06-01T00:00:00.000Z,2017-06-02T00:00:00.000Z,24
from:FicoGutierrez,2017-06-02T00:00:00.000Z,2017-06-03T00:00:00.000Z,10
from:AlejandroChar,2017-05-20T00:00:00.000Z,2017-05-21T00:00:00.000Z,6
from:AlejandroChar,2017-05-21T00:00:00.000Z,2017-05-22T00:00:00.000Z,4
from:AlejandroChar,2017-05-22T00:00:00.000Z,2017-05-23T00:00:00.000Z,3
from:AlejandroChar,2017-05-23T00:00:00.000Z,2017-05-24T00:00:00.000Z,7
from:AlejandroChar,2017-05-24T00:00:00.000Z,2017-05-25T00:00:00.000Z,11
from:AlejandroChar,2017-05-25T00:00:00.000Z,2017-05-26T00:00:00.000Z,3
from:AlejandroChar,2017-05-26T00:00:00.000Z,2017-05-27T00:00:00.000Z,7
from:AlejandroChar,2017-05-27T00:00:00.000Z,2017-05-28T00:00:00.000Z,12
from:AlejandroChar,2017-05-28T00:00:00.000Z,2017-05-29T00:00:00.000Z,3
from:AlejandroChar,2017-05-29T00:00:00.000Z,2017-05-30T00:00:00.000Z,5
from:AlejandroChar,2017-05-30T00:00:00.000Z,2017-05-31T00:00:00.000Z,1
from:AlejandroChar,2017-05-31T00:00:00.000Z,2017-06-01T00:00:00.000Z,21
from:AlejandroChar,2017-06-01T00:00:00.000Z,2017-06-02T00:00:00.000Z,11
from:AlejandroChar,2017-06-02T00:00:00.000Z,2017-06-03T00:00:00.000Z,9
from:A_OrdonezM,2017-05-20T00:00:00.000Z,2017-05-21T00:00:00.000Z,0
from:A_OrdonezM,2017-05-21T00:00:00.000Z,2017-05-22T00:00:00.000Z,2
from:A_OrdonezM,2017-05-22T00:00:00.000Z,2017-05-23T00:00:00.000Z,3
from:A_OrdonezM,2017-05-23T00:00:00.000Z,2017-05-24T00:00:00.000Z,2
from:A_OrdonezM,2017-05-24T00:00:00.000Z,2017-05-25T00:00:00.000Z,2
from:A_OrdonezM,2017-05-25T00:00:00.000Z,2017-05-26T00:00:00.000Z,10
from:A_OrdonezM,2017-05-26T00:00:00.000Z,2017-05-27T00:00:00.000Z,2
from:A_OrdonezM,2017-05-27T00:00:00.000Z,2017-05-28T00:00:00.000Z,1
from:A_OrdonezM,2017-05-28T00:00:00.000Z,2017-05-29T00:00:00.000Z,3
from:A_OrdonezM,2017-05-29T00:00:00.000Z,2017-05-30T00:00:00.000Z,2
from:A_OrdonezM,2017-05-30T00:00:00.000Z,2017-05-31T00:00:00.000Z,2
from:A_OrdonezM,2017-05-31T00:00:00.000Z,2017-06-01T00:00:00.000Z,2
from:A_OrdonezM,2017-06-01T00:00:00.000Z,2017-06-02T00:00:00.000Z,3
from:A_OrdonezM,2017-06-02T00:00:00.000Z,2017-06-03T00:00:00.000Z,2
from:alejoeder,2017-05-20T00:00:00.000Z,2017-05-21T00:00:00.000Z,2
from:alejoeder,2017-05-21T00:00:00.000Z,2017-05-22T00:00:00.000Z,4
from:alejoeder,2017-05-22T00:00:00.000Z,2017-05-23T00:00:00.000Z,1
from:alejoeder,2017-05-23T00:00:00.000Z,2017-05-24T00:00:00.000Z,4
from:alejoeder,2017-05-24T00:00:00.000Z,2017-05-25T00:00:00.000Z,0
from:alejoeder,2017-05-25T00:00:00.000Z,2017-05-26T00:00:00.000Z,0
from:alejoeder,2017-05-26T00:00:00.000Z,2017-05-27T00:00:00.000Z,2
from:alejoeder,2017-05-27T00:00:00.000Z,2017-05-28T00:00:00.000Z,0
from:alejoeder,2017-05-28T00:00:00.000Z,2017-05-29T00:00:00.000Z,1
from:alejoeder,2017-05-29T00:00:00.000Z,2017-05-30T00:00:00.000Z,2
from:alejoeder,2017-05-30T00:00:00.000Z,2017-05-31T00:00:00.000Z,4
from:alejoeder,2017-05-31T00:00:00.000Z,2017-06-01T00:00:00.000Z,7
from:alejoeder,2017-06-01T00:00:00.000Z,2017-06-02T00:00:00.000Z,2
from:alejoeder,2017-06-02T00:00:00.000Z,2017-06-03T00:00:00.000Z,4
from:LuisAlfreRamos,2017-05-20T00:00:00.000Z,2017-05-21T00:00:00.000Z,0
from:LuisAlfreRamos,2017-05-21T00:00:00.000Z,2017-05-22T00:00:00.000Z,1
from:LuisAlfreRamos,2017-05-22T00:00:00.000Z,2017-05-23T00:00:00.000Z,2
from:LuisAlfreRamos,2017-05-23T00:00:00.000Z,2017-05-24T00:00:00.000Z,1
from:LuisAlfreRamos,2017-05-24T00:00:00.000Z,2017-05-25T00:00:00.000Z,0
from:LuisAlfreRamos,2017-05-25T00:00:00.000Z,2017-05-26T00:00:00.000Z,1
from:LuisAlfreRamos,2017-05-26T00:00:00.000Z,2017-05-27T00:00:00.000Z,1
from:LuisAlfreRamos,2017-05-27T00:00:00.000Z,2017-05-28T00:00:00.000Z,0
from:LuisAlfreRamos,2017-05-28T00:00:00.000Z,2017-05-29T00:00:00.000Z,0
from:LuisAlfreRamos,2017-05-29T00:00:00.000Z,2017-05-30T00:00:00.000Z,0
from:LuisAlfreRamos,2017-05-30T00:00:00.000Z,2017-05-31T00:00:00.000Z,1
from:LuisAlfreRamos,2017-05-31T00:00:00.000Z,2017-06-01T00:00:00.000Z,1
from:LuisAlfreRamos,2017-06-01T00:00:00.000Z,2017-06-02T00:00:00.000Z,0
from:LuisAlfreRamos,2017-06-02T00:00:00.000Z,2017-06-03T00:00:00.000Z,2
from:AliciaArango,2017-05-20T00:00:00.000Z,2017-05-21T00:00:00.000Z,75
from:AliciaArango,2017-05-21T00:00:00.000Z,2017-05-22T00:00:00.000Z,32
from:AliciaArango,2017-05-22T00:00:00.000Z,2017-05-23T00:00:00.000Z,21
from:AliciaArango,2017-05-23T00:00:00.000Z,2017-05-24T00:00:00.000Z,54
from:AliciaArango,2017-05-24T00:00:00.000Z,2017-05-25T00:00:00.000Z,74
from:AliciaArango,2017-05-25T00:00:00.000Z,2017-05-26T00:00:00.000Z,60
from:AliciaArango,2017-05-26T00:00:00.000Z,2017-05-27T00:00:00.000Z,19
from:AliciaArango,2017-05-27T00:00:00.000Z,2017-05-28T00:00:00.000Z,68
from:AliciaArango,2017-05-28T00:00:00.000Z,2017-05-29T00:00:00.000Z,110
from:AliciaArango,2017-05-29T00:00:00.000Z,2017-05-30T00:00:00.000Z,25
from:AliciaArango,2017-05-30T00:00:00.000Z,2017-05-31T00:00:00.000Z,34
from:AliciaArango,2017-05-31T00:00:00.000Z,2017-06-01T00:00:00.000Z,41
from:AliciaArango,2017-06-01T00:00:00.000Z,2017-06-02T00:00:00.000Z,12
from:AliciaArango,2017-06-02T00:00:00.000Z,2017-06-03T00:00:00.000Z,95
from:piedadcordoba,2017-05-20T00:00:00.000Z,2017-05-21T00:00:00.000Z,9
from:piedadcordoba,2017-05-21T00:00:00.000Z,2017-05-22T00:00:00.000Z,9
from:piedadcordoba,2017-05-22T00:00:00.000Z,2017-05-23T00:00:00.000Z,11
from:piedadcordoba,2017-05-23T00:00:00.000Z,2017-05-24T00:00:00.000Z,8
from:piedadcordoba,2017-05-24T00:00:00.000Z,2017-05-25T00:00:00.000Z,11
from:piedadcordoba,2017-05-25T00:00:00.000Z,2017-05-26T00:00:00.000Z,4
from:piedadcordoba,2017-05-26T00:00:00.000Z,2017-05-27T00:00:00.000Z,24
from:piedadcordoba,2017-05-27T00:00:00.000Z,2017-05-28T00:00:00.000Z,3
from:piedadcordoba,2017-05-28T00:00:00.000Z,2017-05-29T00:00:00.000Z,6
from:piedadcordoba,2017-05-29T00:00:00.000Z,2017-05-30T00:00:00.000Z,0
from:piedadcordoba,2017-05-30T00:00:00.000Z,2017-05-31T00:00:00.000Z,18
from:piedadcordoba,2017-05-31T00:00:00.000Z,2017-06-01T00:00:00.000Z,24
from:piedadcordoba,2017-06-01T00:00:00.000Z,2017-06-02T00:00:00.000Z,3
from:piedadcordoba,2017-06-02T00:00:00.000Z,2017-06-03T00:00:00.000Z,21
from:angelamrobledo,2017-05-20T00:00:00.000Z,2017-05-21T00:00:00.000Z,3
from:angelamrobledo,2017-05-21T00:00:00.000Z,2017-05-22T00:00:00.000Z,3
from:angelamrobledo,2017-05-22T00:00:00.000Z,2017-05-23T00:00:00.000Z,8
from:angelamrobledo,2017-05-23T00:00:00.000Z,2017-05-24T00:00:00.000Z,23
from:angelamrobledo,2017-05-24T00:00:00.000Z,2017-05-25T00:00:00.000Z,19
from:angelamrobledo,2017-05-25T00:00:00.000Z,2017-05-26T00:00:00.000Z,8
from:angelamrobledo,2017-05-26T00:00:00.000Z,2017-05-27T00:00:00.000Z,36
from:angelamrobledo,2017-05-27T00:00:00.000Z,2017-05-28T00:00:00.000Z,2
from:angelamrobledo,2017-05-28T00:00:00.000Z,2017-05-29T00:00:00.000Z,5
from:angelamrobledo,2017-05-29T00:00:00.000Z,2017-05-30T00:00:00.000Z,1
from:angelamrobledo,2017-05-30T00:00:00.000Z,2017-05-31T00:00:00.000Z,16
from:angelamrobledo,2017-05-31T00:00:00.000Z,2017-06-01T00:00:00.000Z,16
from:angelamrobledo,2017-06-01T00:00:00.000Z,2017-06-02T00:00:00.000Z,11
from:angelamrobledo,2017-06-02T00:00:00.000Z,2017-06-03T00:00:00.000Z,18
from:ernestomaciast,2017-05-20T00:00:00.000Z,2017-05-21T00:00:00.000Z,6
from:ernestomaciast,2017-05-21T00:00:00.000Z,2017-05-22T00:00:00.000Z,2
from:ernestomaciast,2017-05-22T00:00:00.000Z,2017-05-23T00:00:00.000Z,6
from:ernestomaciast,2017-05-23T00:00:00.000Z,2017-05-24T00:00:00.000Z,12
from:ernestomaciast,2017-05-24T00:00:00.000Z,2017-05-25T00:00:00.000Z,3
from:ernestomaciast,2017-05-25T00:00:00.000Z,2017-05-26T00:00:00.000Z,3
from:ernestomaciast,2017-05-26T00:00:00.000Z,2017-05-27T00:00:00.000Z,15
from:ernestomaciast,2017-05-27T00:00:00.000Z,2017-05-28T00:00:00.000Z,12
from:ernestomaciast,2017-05-28T00:00:00.000Z,2017-05-29T00:00:00.000Z,4
from:ernestomaciast,2017-05-29T00:00:00.000Z,2017-05-30T00:00:00.000Z,9
from:ernestomaciast,2017-05-30T00:00:00.000Z,2017-05-31T00:00:00.000Z,4
from:ernestomaciast,2017-05-31T00:00:00.000Z,2017-06-01T00:00:00.000Z,1
from:ernestomaciast,2017-06-01T00:00:00.000Z,2017-06-02T00:00:00.000Z,12
from:ernestomaciast,2017-06-02T00:00:00.000Z,2017-06-03T00:00:00.000Z,6
from:LuisErnestoGL,2017-05-20T00:00:00.000Z,2017-05-21T00:00:00.000Z,10
from:LuisErnestoGL,2017-05-21T00:00:00.000Z,2017-05-22T00:00:00.000Z,3
from:LuisErnestoGL,2017-05-22T00:00:00.000Z,2017-05-23T00:00:00.000Z,2
from:LuisErnestoGL,2017-05-23T00:00:00.000Z,2017-05-24T00:00:00.000Z,7
from:LuisErnestoGL,2017-05-24T00:00:00.000Z,2017-05-25T00:00:00.000Z,4
from:LuisErnestoGL,2017-05-25T00:00:00.000Z,2017-05-26T00:00:00.000Z,19
from:LuisErnestoGL,2017-05-26T00:00:00.000Z,2017-05-27T00:00:00.000Z,22
from:LuisErnestoGL,2017-05-27T00:00:00.000Z,2017-05-28T00:00:00.000Z,7
from:LuisErnestoGL,2017-05-28T00:00:00.000Z,2017-05-29T00:00:00.000Z,14
from:LuisErnestoGL,2017-05-29T00:00:00.000Z,2017-05-30T00:00:00.000Z,3
from:LuisErnestoGL,2017-05-30T00:00:00.000Z,2017-05-31T00:00:00.000Z,9
from:LuisErnestoGL,2017-05-31T00:00:00.000Z,2017-06-01T00:00:00.000Z,9
from:LuisErnestoGL,2017-06-01T00:00:00.000Z,2017-06-02T00:00:00.000Z,4
from:LuisErnestoGL,2017-06-02T00:00:00.000Z,2017-06-03T00:00:00.000Z,8
from:AnaPaolaAgudelo,2017-05-20T00:00:00.000Z,2017-05-21T00:00:00.000Z,0
from:AnaPaolaAgudelo,2017-05-21T00:00:00.000Z,2017-05-22T00:00:00.000Z,1
from:AnaPaolaAgudelo,2017-05-22T00:00:00.000Z,2017-05-23T00:00:00.000Z,0
from:AnaPaolaAgudelo,2017-05-23T00:00:00.000Z,2017-05-24T00:00:00.000Z,2
from:AnaPaolaAgudelo,2017-05-24T00:00:00.000Z,2017-05-25T00:00:00.000Z,3
from:AnaPaolaAgudelo,2017-05-25T00:00:00.000Z,2017-05-26T00:00:00.000Z,5
from:AnaPaolaAgudelo,2017-05-26T00:00:00.000Z,2017-05-27T00:00:00.000Z,7
from:AnaPaolaAgudelo,2017-05-27T00:00:00.000Z,2017-05-28T00:00:00.000Z,1
from:AnaPaolaAgudelo,2017-05-28T00:00:00.000Z,2017-05-29T00:00:00.000Z,0
from:AnaPaolaAgudelo,2017-05-29T00:00:00.000Z,2017-05-30T00:00:00.000Z,2
from:AnaPaolaAgudelo,2017-05-30T00:00:00.000Z,2017-05-31T00:00:00.000Z,7
from:AnaPaolaAgudelo,2017-05-31T00:00:00.000Z,2017-06-01T00:00:00.000Z,7
from:AnaPaolaAgudelo,2017-06-01T00:00:00.000Z,2017-06-02T00:00:00.000Z,2
from:AnaPaolaAgudelo,2017-06-02T00:00:00.000Z,2017-06-03T00:00:00.000Z,4
from:carlos_guevara,2017-05-20T00:00:00.000Z,2017-05-21T00:00:00.000Z,2
from:carlos_guevara,2017-05-21T00:00:00.000Z,2017-05-22T00:00:00.000Z,4
from:carlos_guevara,2017-05-22T00:00:00.000Z,2017-05-23T00:00:00.000Z,8
from:carlos_guevara,2017-05-23T00:00:00.000Z,2017-05-24T00:00:00.000Z,6
from:carlos_guevara,2017-05-24T00:00:00.000Z,2017-05-25T00:00:00.000Z,5
from:carlos_guevara,2017-05-25T00:00:00.000Z,2017-05-26T00:00:00.000Z,32
from:carlos_guevara,2017-05-26T00:00:00.000Z,2017-05-27T00:00:00.000Z,6
from:carlos_guevara,2017-05-27T00:00:00.000Z,2017-05-28T00:00:00.000Z,7
from:carlos_guevara,2017-05-28T00:00:00.000Z,2017-05-29T00:00:00.000Z,2
from:carlos_guevara,2017-05-29T00:00:00.000Z,2017-05-30T00:00:00.000Z,2
from:carlos_guevara,2017-05-30T00:00:00.000Z,2017-05-31T00:00:00.000Z,4
from:carlos_guevara,2017-05-31T00:00:00.000Z,2017-06-01T00:00:00.000Z,11
from:carlos_guevara,2017-06-01T00:00:00.000Z,2017-06-02T00:00:00.000Z,3
from:carlos_guevara,2017-06-02T00:00:00.000Z,2017-06-03T00:00:00.000Z,35
from:Juandiegogj,2017-05-20T00:00:00.000Z,2017-05-21T00:00:00.000Z,5
from:Juandiegogj,2017-05-21T00:00:00.000Z,2017-05-22T00:00:00.000Z,3
from:Juandiegogj,2017-05-22T00:00:00.000Z,2017-05-23T00:00:00.000Z,2
from:Juandiegogj,2017-05-23T00:00:00.000Z,2017-05-24T00:00:00.000Z,13
from:Juandiegogj,2017-05-24T00:00:00.000Z,2017-05-25T00:00:00.000Z,9
from:Juandiegogj,2017-05-25T00:00:00.000Z,2017-05-26T00:00:00.000Z,1
from:Juandiegogj,2017-05-26T00:00:00.000Z,2017-05-27T00:00:00.000Z,9
from:Juandiegogj,2017-05-27T00:00:00.000Z,2017-05-28T00:00:00.000Z,2
from:Juandiegogj,2017-05-28T00:00:00.000Z,2017-05-29T00:00:00.000Z,0
from:Juandiegogj,2017-05-29T00:00:00.000Z,2017-05-30T00:00:00.000Z,0
from:Juandiegogj,2017-05-30T00:00:00.000Z,2017-05-31T00:00:00.000Z,2
from:Juandiegogj,2017-05-31T00:00:00.000Z,2017-06-01T00:00:00.000Z,3
from:Juandiegogj,2017-06-01T00:00:00.000Z,2017-06-02T00:00:00.000Z,7
from:Juandiegogj,2017-06-02T00:00:00.000Z,2017-06-03T00:00:00.000Z,1
from:ArturoCharC,2017-05-20T00:00:00.000Z,2017-05-21T00:00:00.000Z,0
from:ArturoCharC,2017-05-21T00:00:00.000Z,2017-05-22T00:00:00.000Z,0
from:ArturoCharC,2017-05-22T00:00:00.000Z,2017-05-23T00:00:00.000Z,0
from:ArturoCharC,2017-05-23T00:00:00.000Z,2017-05-24T00:00:00.000Z,0
from:ArturoCharC,2017-05-24T00:00:00.000Z,2017-05-25T00:00:00.000Z,0
from:ArturoCharC,2017-05-25T00:00:00.000Z,2017-05-26T00:00:00.000Z,0
from:ArturoCharC,2017-05-26T00:00:00.000Z,2017-05-27T00:00:00.000Z,0
from:ArturoCharC,2017-05-27T00:00:00.000Z,2017-05-28T00:00:00.000Z,0
from:ArturoCharC,2017-05-28T00:00:00.000Z,2017-05-29T00:00:00.000Z,0
from:ArturoCharC,2017-05-29T00:00:00.000Z,2017-05-30T00:00:00.000Z,0
from:ArturoCharC,2017-05-30T00:00:00.000Z,2017-05-31T00:00:00.000Z,0
from:ArturoCharC,2017-05-31T00:00:00.000Z,2017-06-01T00:00:00.000Z,0
from:ArturoCharC,2017-06-01T00:00:00.000Z,2017-06-02T00:00:00.000Z,0
from:ArturoCharC,2017-06-02T00:00:00.000Z,2017-06-03T00:00:00.000Z,0
from:CARLOSFMEJIA,2017-05-20T00:00:00.000Z,2017-05-21T00:00:00.000Z,20
from:CARLOSFMEJIA,2017-05-21T00:00:00.000Z,2017-05-22T00:00:00.000Z,12
from:CARLOSFMEJIA,2017-05-22T00:00:00.000Z,2017-05-23T00:00:00.000Z,15
from:CARLOSFMEJIA,2017-05-23T00:00:00.000Z,2017-05-24T00:00:00.000Z,26
from:CARLOSFMEJIA,2017-05-24T00:00:00.000Z,2017-05-25T00:00:00.000Z,25
from:CARLOSFMEJIA,2017-05-25T00:00:00.000Z,2017-05-26T00:00:00.000Z,16
from:CARLOSFMEJIA,2017-05-26T00:00:00.000Z,2017-05-27T00:00:00.000Z,19
from:CARLOSFMEJIA,2017-05-27T00:00:00.000Z,2017-05-28T00:00:00.000Z,8
from:CARLOSFMEJIA,2017-05-28T00:00:00.000Z,2017-05-29T00:00:00.000Z,19
from:CARLOSFMEJIA,2017-05-29T00:00:00.000Z,2017-05-30T00:00:00.000Z,17
from:CARLOSFMEJIA,2017-05-30T00:00:00.000Z,2017-05-31T00:00:00.000Z,29
from:CARLOSFMEJIA,2017-05-31T00:00:00.000Z,2017-06-01T00:00:00.000Z,22
from:CARLOSFMEJIA,2017-06-01T00:00:00.000Z,2017-06-02T00:00:00.000Z,25
from:CARLOSFMEJIA,2017-06-02T00:00:00.000Z,2017-06-03T00:00:00.000Z,27
from:Rodrigo_Lara_,2017-05-20T00:00:00.000Z,2017-05-21T00:00:00.000Z,0
from:Rodrigo_Lara_,2017-05-21T00:00:00.000Z,2017-05-22T00:00:00.000Z,2
from:Rodrigo_Lara_,2017-05-22T00:00:00.000Z,2017-05-23T00:00:00.000Z,15
from:Rodrigo_Lara_,2017-05-23T00:00:00.000Z,2017-05-24T00:00:00.000Z,14
from:Rodrigo_Lara_,2017-05-24T00:00:00.000Z,2017-05-25T00:00:00.000Z,1
from:Rodrigo_Lara_,2017-05-25T00:00:00.000Z,2017-05-26T00:00:00.000Z,5
from:Rodrigo_Lara_,2017-05-26T00:00:00.000Z,2017-05-27T00:00:00.000Z,1
from:Rodrigo_Lara_,2017-05-27T00:00:00.000Z,2017-05-28T00:00:00.000Z,5
from:Rodrigo_Lara_,2017-05-28T00:00:00.000Z,2017-05-29T00:00:00.000Z,2
from:Rodrigo_Lara_,2017-05-29T00:00:00.000Z,2017-05-30T00:00:00.000Z,2
from:Rodrigo_Lara_,2017-05-30T00:00:00.000Z,2017-05-31T00:00:00.000Z,2
from:Rodrigo_Lara_,2017-05-31T00:00:00.000Z,2017-06-01T00:00:00.000Z,4
from:Rodrigo_Lara_,2017-06-01T00:00:00.000Z,2017-06-02T00:00:00.000Z,12
from:Rodrigo_Lara_,2017-06-02T00:00:00.000Z,2017-06-03T00:00:00.000Z,2
from:FNAraujoR,2017-05-20T00:00:00.000Z,2017-05-21T00:00:00.000Z,20
from:FNAraujoR,2017-05-21T00:00:00.000Z,2017-05-22T00:00:00.000Z,17
from:FNAraujoR,2017-05-22T00:00:00.000Z,2017-05-23T00:00:00.000Z,12
from:FNAraujoR,2017-05-23T00:00:00.000Z,2017-05-24T00:00:00.000Z,20
from:FNAraujoR,2017-05-24T00:00:00.000Z,2017-05-25T00:00:00.000Z,22
from:FNAraujoR,2017-05-25T00:00:00.000Z,2017-05-26T00:00:00.000Z,16
from:FNAraujoR,2017-05-26T00:00:00.000Z,2017-05-27T00:00:00.000Z,8
from:FNAraujoR,2017-05-27T00:00:00.000Z,2017-05-28T00:00:00.000Z,11
from:FNAraujoR,2017-05-28T00:00:00.000Z,2017-05-29T00:00:00.000Z,9
from:FNAraujoR,2017-05-29T00:00:00.000Z,2017-05-30T00:00:00.000Z,13
from:FNAraujoR,2017-05-30T00:00:00.000Z,2017-05-31T00:00:00.000Z,28
from:FNAraujoR,2017-05-31T00:00:00.000Z,2017-06-01T00:00:00.000Z,14
from:FNAraujoR,2017-06-01T00:00:00.000Z,2017-06-02T00:00:00.000Z,37
from:FNAraujoR,2017-06-02T00:00:00.000Z,2017-06-03T00:00:00.000Z,25
from:carlosecaicedo,2017-05-20T00:00:00.000Z,2017-05-21T00:00:00.000Z,1
from:carlosecaicedo,2017-05-21T00:00:00.000Z,2017-05-22T00:00:00.000Z,9
from:carlosecaicedo,2017-05-22T00:00:00.000Z,2017-05-23T00:00:00.000Z,2
from:carlosecaicedo,2017-05-23T00:00:00.000Z,2017-05-24T00:00:00.000Z,1
from:carlosecaicedo,2017-05-24T00:00:00.000Z,2017-05-25T00:00:00.000Z,19
from:carlosecaicedo,2017-05-25T00:00:00.000Z,2017-05-26T00:00:00.000Z,6
from:carlosecaicedo,2017-05-26T00:00:00.000Z,2017-05-27T00:00:00.000Z,0
from:carlosecaicedo,2017-05-27T00:00:00.000Z,2017-05-28T00:00:00.000Z,14
from:carlosecaicedo,2017-05-28T00:00:00.000Z,2017-05-29T00:00:00.000Z,3
from:carlosecaicedo,2017-05-29T00:00:00.000Z,2017-05-30T00:00:00.000Z,23
from:carlosecaicedo,2017-05-30T00:00:00.000Z,2017-05-31T00:00:00.000Z,9
from:carlosecaicedo,2017-05-31T00:00:00.000Z,2017-06-01T00:00:00.000Z,28
from:carlosecaicedo,2017-06-01T00:00:00.000Z,2017-06-02T00:00:00.000Z,7
from:carlosecaicedo,2017-06-02T00:00:00.000Z,2017-06-03T00:00:00.000Z,10
from:velascoluisf,2017-05-20T00:00:00.000Z,2017-05-21T00:00:00.000Z,17
from:velascoluisf,2017-05-21T00:00:00.000Z,2017-05-22T00:00:00.000Z,24
from:velascoluisf,2017-05-22T00:00:00.000Z,2017-05-23T00:00:00.000Z,11
from:velascoluisf,2017-05-23T00:00:00.000Z,2017-05-24T00:00:00.000Z,33
from:velascoluisf,2017-05-24T00:00:00.000Z,2017-05-25T00:00:00.000Z,35
from:velascoluisf,2017-05-25T00:00:00.000Z,2017-05-26T00:00:00.000Z,22
from:velascoluisf,2017-05-26T00:00:00.000Z,2017-05-27T00:00:00.000Z,16
from:velascoluisf,2017-05-27T00:00:00.000Z,2017-05-28T00:00:00.000Z,5
from:velascoluisf,2017-05-28T00:00:00.000Z,2017-05-29T00:00:00.000Z,8
from:velascoluisf,2017-05-29T00:00:00.000Z,2017-05-30T00:00:00.000Z,17
from:velascoluisf,2017-05-30T00:00:00.000Z,2017-05-31T00:00:00.000Z,30
from:velascoluisf,2017-05-31T00:00:00.000Z,2017-06-01T00:00:00.000Z,32
from:velascoluisf,2017-06-01T00:00:00.000Z,2017-06-02T00:00:00.000Z,15
from:velascoluisf,2017-06-02T00:00:00.000Z,2017-06-03T00:00:00.000Z,15
from:aydeelizarazoc,2017-05-20T00:00:00.000Z,2017-05-21T00:00:00.000Z,5
from:aydeelizarazoc,2017-05-21T00:00:00.000Z,2017-05-22T00:00:00.000Z,1
from:aydeelizarazoc,2017-05-22T00:00:00.000Z,2017-05-23T00:00:00.000Z,2
from:aydeelizarazoc,2017-05-23T00:00:00.000Z,2017-05-24T00:00:00.000Z,0
from:aydeelizarazoc,2017-05-24T00:00:00.000Z,2017-05-25T00:00:00.000Z,1
from:aydeelizarazoc,2017-05-25T00:00:00.000Z,2017-05-26T00:00:00.000Z,0
from:aydeelizarazoc,2017-05-26T00:00:00.000Z,2017-05-27T00:00:00.000Z,3
from:aydeelizarazoc,2017-05-27T00:00:00.000Z,2017-05-28T00:00:00.000Z,1
from:aydeelizarazoc,2017-05-28T00:00:00.000Z,2017-05-29T00:00:00.000Z,0
from:aydeelizarazoc,2017-05-29T00:00:00.000Z,2017-05-30T00:00:00.000Z,0
from:aydeelizarazoc,2017-05-30T00:00:00.000Z,2017-05-31T00:00:00.000Z,6
from:aydeelizarazoc,2017-05-31T00:00:00.000Z,2017-06-01T00:00:00.000Z,7
from:aydeelizarazoc,2017-06-01T00:00:00.000Z,2017-06-02T00:00:00.000Z,0
from:aydeelizarazoc,2017-06-02T00:00:00.000Z,2017-06-03T00:00:00.000Z,5
from:EfrainCepeda,2017-05-20T00:00:00.000Z,2017-05-21T00:00:00.000Z,4
from:EfrainCepeda,2017-05-21T00:00:00.000Z,2017-05-22T00:00:00.000Z,3
from:EfrainCepeda,2017-05-22T00:00:00.000Z,2017-05-23T00:00:00.000Z,1
from:EfrainCepeda,2017-05-23T00:00:00.000Z,2017-05-24T00:00:00.000Z,6
from:EfrainCepeda,2017-05-24T00:00:00.000Z,2017-05-25T00:00:00.000Z,3
from:EfrainCepeda,2017-05-25T00:00:00.000Z,2017-05-26T00:00:00.000Z,3
from:EfrainCepeda,2017-05-26T00:00:00.000Z,2017-05-27T00:00:00.000Z,4
from:EfrainCepeda,2017-05-27T00:00:00.000Z,2017-05-28T00:00:00.000Z,3
from:EfrainCepeda,2017-05-28T00:00:00.000Z,2017-05-29T00:00:00.000Z,2
from:EfrainCepeda,2017-05-29T00:00:00.000Z,2017-05-30T00:00:00.000Z,1
from:EfrainCepeda,2017-05-30T00:00:00.000Z,2017-05-31T00:00:00.000Z,3
from:EfrainCepeda,2017-05-31T00:00:00.000Z,2017-06-01T00:00:00.000Z,0
from:EfrainCepeda,2017-06-01T00:00:00.000Z,2017-06-02T00:00:00.000Z,7
from:EfrainCepeda,2017-06-02T00:00:00.000Z,2017-06-03T00:00:00.000Z,7
from:ClaraLuzRoldan,2017-05-20T00:00:00.000Z,2017-05-21T00:00:00.000Z,9
from:ClaraLuzRoldan,2017-05-21T00:00:00.000Z,2017-05-22T00:00:00.000Z,3
from:ClaraLuzRoldan,2017-05-22T00:00:00.000Z,2017-05-23T00:00:00.000Z,7
from:ClaraLuzRoldan,2017-05-23T00:00:00.000Z,2017-05-24T00:00:00.000Z,1
from:ClaraLuzRoldan,2017-05-24T00:00:00.000Z,2017-05-25T00:00:00.000Z,2
from:ClaraLuzRoldan,2017-05-25T00:00:00.000Z,2017-05-26T00:00:00.000Z,22
from:ClaraLuzRoldan,2017-05-26T00:00:00.000Z,2017-05-27T00:00:00.000Z,4
from:ClaraLuzRoldan,2017-05-27T00:00:00.000Z,2017-05-28T00:00:00.000Z,0
from:ClaraLuzRoldan,2017-05-28T00:00:00.000Z,2017-05-29T00:00:00.000Z,12
from:ClaraLuzRoldan,2017-05-29T00:00:00.000Z,2017-05-30T00:00:00.000Z,1
from:ClaraLuzRoldan,2017-05-30T00:00:00.000Z,2017-05-31T00:00:00.000Z,3
from:ClaraLuzRoldan,2017-05-31T00:00:00.000Z,2017-06-01T00:00:00.000Z,5
from:ClaraLuzRoldan,2017-06-01T00:00:00.000Z,2017-06-02T00:00:00.000Z,11
from:ClaraLuzRoldan,2017-06-02T00:00:00.000Z,2017-06-03T00:00:00.000Z,6
from:wilsonariasc,2017-05-20T00:00:00.000Z,2017-05-21T00:00:00.000Z,13
from:wilsonariasc,2017-05-21T00:00:00.000Z,2017-05-22T00:00:00.000Z,5
from:wilsonariasc,2017-05-22T00:00:00.000Z,2017-05-23T00:00:00.000Z,13
from:wilsonariasc,2017-05-23T00:00:00.000Z,2017-05-24T00:00:00.000Z,16
from:wilsonariasc,2017-05-24T00:00:00.000Z,2017-05-25T00:00:00.000Z,4
from:wilsonariasc,2017-05-25T00:00:00.000Z,2017-05-26T00:00:00.000Z,8
from:wilsonariasc,2017-05-26T00:00:00.000Z,2017-05-27T00:00:00.000Z,12
from:wilsonariasc,2017-05-27T00:00:00.000Z,2017-05-28T00:00:00.000Z,9
from:wilsonariasc,2017-05-28T00:00:00.000Z,2017-05-29T00:00:00.000Z,7
from:wilsonariasc,2017-05-29T00:00:00.000Z,2017-05-30T00:00:00.000Z,25
from:wilsonariasc,2017-05-30T00:00:00.000Z,2017-05-31T00:00:00.000Z,2
from:wilsonariasc,2017-05-31T00:00:00.000Z,2017-06-01T00:00:00.000Z,5
from:wilsonariasc,2017-06-01T00:00:00.000Z,2017-06-02T00:00:00.000Z,7
from:wilsonariasc,2017-06-02T00:00:00.000Z,2017-06-03T00:00:00.000Z,10
from:ingrodolfohdez,2017-05-20T00:00:00.000Z,2017-05-21T00:00:00.000Z,3
from:ingrodolfohdez,2017-05-21T00:00:00.000Z,2017-05-22T00:00:00.000Z,0
from:ingrodolfohdez,2017-05-22T00:00:00.000Z,2017-05-23T00:00:00.000Z,2
from:ingrodolfohdez,2017-05-23T00:00:00.000Z,2017-05-24T00:00:00.000Z,0
from:ingrodolfohdez,2017-05-24T00:00:00.000Z,2017-05-25T00:00:00.000Z,1
from:ingrodolfohdez,2017-05-25T00:00:00.000Z,2017-05-26T00:00:00.000Z,1
from:ingrodolfohdez,2017-05-26T00:00:00.000Z,2017-05-27T00:00:00.000Z,2
from:ingrodolfohdez,2017-05-27T00:00:00.000Z,2017-05-28T00:00:00.000Z,2
from:ingrodolfohdez,2017-05-28T00:00:00.000Z,2017-05-29T00:00:00.000Z,0
from:ingrodolfohdez,2017-05-29T00:00:00.000Z,2017-05-30T00:00:00.000Z,1
from:ingrodolfohdez,2017-05-30T00:00:00.000Z,2017-05-31T00:00:00.000Z,2
from:ingrodolfohdez,2017-05-31T00:00:00.000Z,2017-06-01T00:00:00.000Z,1
from:ingrodolfohdez,2017-06-01T00:00:00.000Z,2017-06-02T00:00:00.000Z,2
from:ingrodolfohdez,2017-06-02T00:00:00.000Z,2017-06-03T00:00:00.000Z,1
from:PachoSantosC,2017-05-20T00:00:00.000Z,2017-05-21T00:00:00.000Z,0
from:PachoSantosC,2017-05-21T00:00:00.000Z,2017-05-22T00:00:00.000Z,0
from:PachoSantosC,2017-05-22T00:00:00.000Z,2017-05-23T00:00:00.000Z,6
from:PachoSantosC,2017-05-23T00:00:00.000Z,2017-05-24T00:00:00.000Z,0
from:PachoSantosC,2017-05-24T00:00:00.000Z,2017-05-25T00:00:00.000Z,7
from:PachoSantosC,2017-05-25T00:00:00.000Z,2017-05-26T00:00:00.000Z,2
from:PachoSantosC,2017-05-26T00:00:00.000Z,2017-05-27T00:00:00.000Z,0
from:PachoSantosC,2017-05-27T00:00:00.000Z,2017-05-28T00:00:00.000Z,1
from:PachoSantosC,2017-05-28T00:00:00.000Z,2017-05-29T00:00:00.000Z,5
from:PachoSantosC,2017-05-29T00:00:00.000Z,2017-05-30T00:00:00.000Z,0
from:PachoSantosC,2017-05-30T00:00:00.000Z,2017-05-31T00:00:00.000Z,0
from:PachoSantosC,2017-05-31T00:00:00.000Z,2017-06-01T00:00:00.000Z,12
from:PachoSantosC,2017-06-01T00:00:00.000Z,2017-06-02T00:00:00.000Z,3
from:PachoSantosC,2017-06-02T00:00:00.000Z,2017-06-03T00:00:00.000Z,11
from:PinzonBueno,2017-05-20T00:00:00.000Z,2017-05-21T00:00:00.000Z,0
from:PinzonBueno,2017-05-21T00:00:00.000Z,2017-05-22T00:00:00.000Z,1
from:PinzonBueno,2017-05-22T00:00:00.000Z,2017-05-23T00:00:00.000Z,0
from:PinzonBueno,2017-05-23T00:00:00.000Z,2017-05-24T00:00:00.000Z,1
from:PinzonBueno,2017-05-24T00:00:00.000Z,2017-05-25T00:00:00.000Z,2
from:PinzonBueno,2017-05-25T00:00:00.000Z,2017-05-26T00:00:00.000Z,2
from:PinzonBueno,2017-05-26T00:00:00.000Z,2017-05-27T00:00:00.000Z,0
from:PinzonBueno,2017-05-27T00:00:00.000Z,2017-05-28T00:00:00.000Z,4
from:PinzonBueno,2017-05-28T00:00:00.000Z,2017-05-29T00:00:00.000Z,0
from:PinzonBueno,2017-05-29T00:00:00.000Z,2017-05-30T00:00:00.000Z,2
from:PinzonBueno,2017-05-30T00:00:00.000Z,2017-05-31T00:00:00.000Z,2
from:PinzonBueno,2017-05-31T00:00:00.000Z,2017-06-01T00:00:00.000Z,2
from:PinzonBueno,2017-06-01T00:00:00.000Z,2017-06-02T00:00:00.000Z,1
from:PinzonBueno,2017-06-02T00:00:00.000Z,2017-06-03T00:00:00.000Z,5
